Chambord;Chambord;Labelleetlabete;France;Europe;Chateau;Beau;Royaume;La belle et la bete;Tous;Tout;All;Bete;Belle;Emmawatson;Romance;Bal;Disney;Chateau;
Hobbiton;Hobbiton;Hobbit;Tous;Tout;All;Seigneurdesanneaux;Seigneursdesanneaux;Leseigneurdesanneaux;Anneaux;Dragon;
Kualoa;Kualoa Ranch;Jurassicpark;Tous;Tout;All;Dinosaures;Dinosaure;Haiwai;Etatsunis;Usa;Amerique;Ile;Iles
LA;Los Angeles;FastAndFurious;Tous;Tout;All;Etatsunis;Usa;Amerique;Ameriquedunord
Machupicchu;Machu Picchu;Indianajones;Perou;Aventure;Amerique;Ameriquedusud;Tous;Tout;All;Amerique;
Mafabot;Mafabot;Interstellar;Islande;Froid;Europe;Science-fiction;Christophernolan;Chistopher;Nolan;Glacier;Espace;Astronaute;Balade;Aurore bor√©ale;Tous;Tout;All;Ile;Iles
Nyc;New York;Prada;Tous;Tout;All;Etatsunis;Usa;Amerique;Ameriquedunord
Serengeti;Serengeti;Leroilion;Tous;Tout;All;Disney
Southampton;Southampton;Titanic;Europe;Tous;Tout;All
Sydney;Sydney;Nemo;Tous;Tout;All
Wadirum;Wadi Rum;Dune;Tous;Tout;All
Zhangjiajie;Zhangjiajie;Avatar;Europe;Tous;Tout;All
