Chambord;Chambord;Labelleetlabete;France;Europe;Chateau;Beau;Royaume;Tous;Tout;All;Bete;Belle;Emmawatson;Romance;Bal;Disney;Chateau;
Hobbiton;Hobbiton;Hobbit;Tous;Tout;All;Seigneurdesanneaux;Seigneursdesanneaux;Leseigneurdesanneaux;Anneaux;Dragon;Sud;
Kualoa;Kualoa Ranch;Jurassicpark;Tous;Tout;All;Dinosaures;Dinosaure;Haiwai;Etatsunis;Usa;Amerique;Ile;Iles;Sable;
LA;Los Angeles;FastAndFurious;Tous;Tout;All;Etatsunis;Usa;Amerique;Ameriquedunord;Fastandfurious;
Machupicchu;Machu Picchu;Indianajones;Perou;Aventure;Amerique;Ameriquedusud;Tous;Tout;All;Amerique;
Mafabot;Mafabot;Interstellar;Islande;Froid;Europe;Science-fiction;Christophernolan;Chistopher;Nolan;Glacier;Espace;Astronaute;Balade;Aurore bor√©ale;Tous;Tout;All;Ile;Iles
Nyc;New York;Prada;Tous;Tout;All;Etatsunis;Usa;Amerique;Ameriquedunord
Serengeti;Serengeti;Leroilion;Tous;Tout;All;Disney;Afrique;Tanzanie;Safari;Desert;Sud;
Southampton;Southampton;Titanic;Europe;Tous;Tout;All
Sydney;Sydney;Nemo;Tous;Tout;All;Sable;Poisson;Australie;Iles;Ile;Sud;
Wadirum;Wadi Rum;Dune;Tous;Tout;All;Desert;Moyenorient;Moyen-orient;Sable
Zhangjiajie;Zhangjiajie;Avatar;Chine;Asie;Tous;Tout;All;Bleu;
